<?xml version="1.0"?>
<doc>
    <assembly>
        <name>Websites</name>
    </assembly>
    <members>
        <member name="T:Websites.Program">
            <summary>
            Program
            </summary>
        </member>
        <member name="M:Websites.Program.Main(System.String[])">
            <summary>
            Main
            </summary>
            <param name="args"></param>
        </member>
        <member name="M:Websites.Program.CreateWebHostBuilder(System.String[])">
            <summary>
            Create Web host Builder
            </summary>
            <param name="args"></param>
            <returns></returns>
        </member>
        <member name="T:Websites.Properties.Resources">
            <summary>
              A strongly-typed resource class, for looking up localized strings, etc.
            </summary>
        </member>
        <member name="P:Websites.Properties.Resources.ResourceManager">
            <summary>
              Returns the cached ResourceManager instance used by this class.
            </summary>
        </member>
        <member name="P:Websites.Properties.Resources.Culture">
            <summary>
              Overrides the current thread's CurrentUICulture property for all
              resource lookups using this strongly typed resource class.
            </summary>
        </member>
        <member name="P:Websites.Startup.Configuration">
            <summary>
            Gets the configuration.
            </summary>
            <value>The configuration.</value>
        </member>
        <member name="M:Websites.Startup.#ctor(Microsoft.Extensions.Configuration.IConfiguration)">
            <summary>
            Startup Construction
            </summary>
            <param name="configuration"></param>
        </member>
    </members>
</doc>
